Model,Accuracy,Precision
BernoulliNB,0.9835271317829457,0.9824561403508771
GaussianNB,0.8662790697674418,0.47619047619047616
MultinomialNB,0.9709302325581395,1.0
